date,sector,network_age,lat,lon,length_km,pressure_in,pressure_out,delta_p,daily_consumption,volume_lost,volume_billed,ilp,loss_rate_pct,status
2024-01-01,Ain_Diab,recent,33.595,-7.69,11.5,4.22,3.81,0.41,294.9,7.2,287.7,0.62,2.4,NORMAL
2024-01-01,Ain_Sebaa,ancien,33.605,-7.53,20.3,5.06,2.75,2.31,406.1,108.5,297.6,5.34,26.7,FUITE
2024-01-01,Anfa,recent,33.59,-7.66,10.2,5.95,5.85,0.11,205.2,13.6,191.6,1.33,6.6,NORMAL
2024-01-01,Beauséjour,mixte,33.58,-7.618,10.1,5.48,5.27,0.21,216.0,8.9,207.1,0.88,4.1,NORMAL
2024-01-01,Ben_Msick,ancien,33.565,-7.585,19.8,5.88,4.75,1.13,380.2,35.7,344.5,1.8,9.4,SUSPECT
2024-01-01,Bourgogne,mixte,33.588,-7.628,10.8,4.05,3.99,0.06,236.8,11.7,225.1,1.08,4.9,NORMAL
2024-01-01,Bouskoura,recent,33.51,-7.66,6.8,4.14,3.91,0.23,141.5,8.6,132.9,1.26,6.1,NORMAL
2024-01-01,Derb_Sultan,ancien,33.575,-7.61,16.2,4.56,3.88,0.68,306.8,28.2,278.6,1.74,9.2,SUSPECT
2024-01-01,Gauthier,mixte,33.592,-7.62,9.5,5.16,4.91,0.25,234.9,11.6,223.3,1.22,4.9,NORMAL
2024-01-01,Hay_Hassani,recent,33.555,-7.65,8.5,4.44,4.12,0.32,192.7,15.4,177.3,1.81,8.0,NORMAL
2024-01-01,Hay_Mohammadi,ancien,33.583,-7.57,22.0,4.48,4.36,0.12,478.5,37.9,440.6,1.72,7.9,NORMAL
2024-01-01,Lissasfa,recent,33.535,-7.67,7.2,5.07,4.94,0.12,169.4,11.5,158.0,1.59,6.8,NORMAL
2024-01-01,Maarif,mixte,33.578,-7.635,12.4,5.06,4.59,0.47,305.1,24.4,280.7,1.97,8.0,NORMAL
2024-01-01,Medina,ancien,33.595,-7.619,18.5,5.9,5.52,0.38,432.4,12.7,419.7,0.69,2.9,NORMAL
2024-01-01,Racine,mixte,33.585,-7.642,11.2,4.96,4.9,0.06,247.6,10.6,237.0,0.95,4.3,NORMAL
2024-01-01,Roches_Noires,ancien,33.61,-7.555,14.7,5.12,4.88,0.24,347.8,9.3,338.5,0.63,2.7,NORMAL
2024-01-01,Sbata,ancien,33.57,-7.595,17.1,4.05,3.92,0.13,369.0,16.7,352.3,0.98,4.5,NORMAL
2024-01-01,Sidi_Bernoussi,recent,33.62,-7.51,15.3,4.48,4.34,0.14,360.2,9.4,350.7,0.61,2.6,NORMAL
2024-01-01,Sidi_Maarouf,recent,33.545,-7.62,9.0,5.82,5.47,0.35,219.8,16.0,203.8,1.78,7.3,NORMAL
2024-01-01,Val_Fleuri,mixte,33.572,-7.628,13.0,4.61,2.71,1.89,277.8,52.9,224.9,4.07,19.1,FUITE
2024-01-02,Ain_Diab,recent,33.595,-7.69,11.5,5.05,4.86,0.18,227.0,11.4,215.6,0.99,5.0,NORMAL
2024-01-02,Ain_Sebaa,ancien,33.605,-7.53,20.3,5.03,4.84,0.2,424.5,15.4,409.1,0.76,3.6,NORMAL
2024-01-02,Anfa,recent,33.59,-7.66,10.2,4.24,4.07,0.17,205.3,7.7,197.5,0.76,3.8,NORMAL
2024-01-02,Beauséjour,mixte,33.58,-7.618,10.1,5.32,5.19,0.13,207.5,5.4,202.1,0.53,2.6,NORMAL
2024-01-02,Ben_Msick,ancien,33.565,-7.585,19.8,5.24,4.95,0.29,447.3,30.1,417.2,1.52,6.7,NORMAL
2024-01-02,Bourgogne,mixte,33.588,-7.628,10.8,5.37,5.12,0.25,233.0,18.6,214.4,1.72,8.0,NORMAL
2024-01-02,Bouskoura,recent,33.51,-7.66,6.8,4.73,4.58,0.15,172.0,8.1,163.8,1.19,4.7,NORMAL
2024-01-02,Derb_Sultan,ancien,33.575,-7.61,16.2,4.41,4.2,0.21,350.4,21.5,328.8,1.33,6.1,NORMAL
2024-01-02,Gauthier,mixte,33.592,-7.62,9.5,5.8,5.56,0.24,205.3,11.4,193.9,1.2,5.6,NORMAL
2024-01-02,Hay_Hassani,recent,33.555,-7.65,8.5,5.29,5.05,0.24,187.4,12.6,174.8,1.48,6.7,NORMAL
2024-01-02,Hay_Mohammadi,ancien,33.583,-7.57,22.0,5.34,4.95,0.39,442.2,28.2,414.1,1.28,6.4,NORMAL
2024-01-02,Lissasfa,recent,33.535,-7.67,7.2,5.71,5.26,0.46,149.3,11.8,137.5,1.64,7.9,NORMAL
2024-01-02,Maarif,mixte,33.578,-7.635,12.4,5.53,5.3,0.23,278.3,16.0,262.3,1.29,5.8,NORMAL
2024-01-02,Medina,ancien,33.595,-7.619,18.5,4.12,2.75,1.37,432.7,65.3,367.5,3.53,15.1,SUSPECT
2024-01-02,Racine,mixte,33.585,-7.642,11.2,5.16,4.87,0.29,268.4,17.7,250.7,1.58,6.6,NORMAL
2024-01-02,Roches_Noires,ancien,33.61,-7.555,14.7,4.02,3.76,0.26,268.7,7.3,261.4,0.5,2.7,NORMAL
2024-01-02,Sbata,ancien,33.57,-7.595,17.1,5.63,5.43,0.2,334.0,14.3,319.7,0.84,4.3,NORMAL
2024-01-02,Sidi_Bernoussi,recent,33.62,-7.51,15.3,4.44,4.37,0.07,275.5,8.4,267.1,0.55,3.1,NORMAL
2024-01-02,Sidi_Maarouf,recent,33.545,-7.62,9.0,5.03,4.79,0.24,189.0,8.7,180.3,0.97,4.6,NORMAL
2024-01-02,Val_Fleuri,mixte,33.572,-7.628,13.0,5.11,4.92,0.19,281.0,13.2,267.9,1.01,4.7,NORMAL
2024-01-03,Ain_Diab,recent,33.595,-7.69,11.5,5.41,5.34,0.07,226.7,10.0,216.7,0.87,4.4,NORMAL
2024-01-03,Ain_Sebaa,ancien,33.605,-7.53,20.3,4.16,4.1,0.06,444.1,31.2,413.0,1.53,7.0,NORMAL
2024-01-03,Anfa,recent,33.59,-7.66,10.2,5.04,4.83,0.21,230.8,4.6,226.1,0.45,2.0,NORMAL
2024-01-03,Beauséjour,mixte,33.58,-7.618,10.1,5.53,5.36,0.17,196.9,4.9,192.0,0.49,2.5,NORMAL
2024-01-03,Ben_Msick,ancien,33.565,-7.585,19.8,4.62,3.87,0.75,429.3,35.8,393.5,1.81,8.3,SUSPECT
2024-01-03,Bourgogne,mixte,33.588,-7.628,10.8,4.9,4.78,0.12,272.1,16.8,255.3,1.55,6.2,NORMAL
2024-01-03,Bouskoura,recent,33.51,-7.66,6.8,4.28,4.01,0.27,128.7,6.5,122.3,0.95,5.0,NORMAL
2024-01-03,Derb_Sultan,ancien,33.575,-7.61,16.2,5.6,3.16,2.44,306.1,87.2,218.9,5.38,28.5,FUITE
2024-01-03,Gauthier,mixte,33.592,-7.62,9.5,4.42,4.09,0.33,228.7,14.6,214.1,1.54,6.4,NORMAL
2024-01-03,Hay_Hassani,recent,33.555,-7.65,8.5,4.82,4.39,0.43,173.7,9.4,164.3,1.11,5.4,NORMAL
2024-01-03,Hay_Mohammadi,ancien,33.583,-7.57,22.0,5.26,4.93,0.34,485.2,12.3,472.8,0.56,2.5,NORMAL
2024-01-03,Lissasfa,recent,33.535,-7.67,7.2,4.4,4.27,0.13,178.9,10.6,168.3,1.47,5.9,NORMAL
2024-01-03,Maarif,mixte,33.578,-7.635,12.4,5.97,5.57,0.4,273.1,12.4,260.7,1.0,4.5,NORMAL
2024-01-03,Medina,ancien,33.595,-7.619,18.5,5.94,3.19,2.75,383.8,77.4,306.3,4.19,20.2,FUITE
2024-01-03,Racine,mixte,33.585,-7.642,11.2,5.44,4.96,0.48,222.4,7.1,215.4,0.63,3.2,NORMAL
2024-01-03,Roches_Noires,ancien,33.61,-7.555,14.7,5.3,4.05,1.25,317.8,56.0,261.8,3.81,17.6,SUSPECT
2024-01-03,Sbata,ancien,33.57,-7.595,17.1,4.54,4.21,0.33,350.2,18.6,331.6,1.09,5.3,NORMAL
2024-01-03,Sidi_Bernoussi,recent,33.62,-7.51,15.3,4.56,4.09,0.48,327.8,15.1,312.7,0.99,4.6,NORMAL
2024-01-03,Sidi_Maarouf,recent,33.545,-7.62,9.0,5.2,4.75,0.45,196.6,11.1,185.5,1.23,5.6,NORMAL
2024-01-03,Val_Fleuri,mixte,33.572,-7.628,13.0,5.03,4.57,0.46,289.7,23.0,266.7,1.77,8.0,NORMAL
2024-01-04,Ain_Diab,recent,33.595,-7.69,11.5,4.46,4.29,0.18,283.7,21.5,262.2,1.87,7.6,NORMAL
2024-01-04,Ain_Sebaa,ancien,33.605,-7.53,20.3,4.82,4.69,0.13,349.8,12.2,337.6,0.6,3.5,NORMAL
2024-01-04,Anfa,recent,33.59,-7.66,10.2,5.29,4.8,0.49,265.0,5.7,259.3,0.56,2.1,NORMAL
2024-01-04,Beauséjour,mixte,33.58,-7.618,10.1,4.59,4.19,0.4,238.6,10.2,228.4,1.01,4.3,NORMAL
2024-01-04,Ben_Msick,ancien,33.565,-7.585,19.8,5.52,5.08,0.44,381.0,26.4,354.7,1.33,6.9,NORMAL
2024-01-04,Bourgogne,mixte,33.588,-7.628,10.8,4.16,3.81,0.36,261.6,9.5,252.1,0.88,3.6,NORMAL
2024-01-04,Bouskoura,recent,33.51,-7.66,6.8,4.77,4.7,0.07,128.9,5.6,123.3,0.82,4.3,NORMAL
2024-01-04,Derb_Sultan,ancien,33.575,-7.61,16.2,4.12,3.95,0.17,382.2,24.8,357.4,1.53,6.5,NORMAL
2024-01-04,Gauthier,mixte,33.592,-7.62,9.5,5.43,4.97,0.46,198.9,6.8,192.0,0.72,3.4,NORMAL
2024-01-04,Hay_Hassani,recent,33.555,-7.65,8.5,4.37,4.16,0.21,171.1,3.7,167.4,0.43,2.2,NORMAL
2024-01-04,Hay_Mohammadi,ancien,33.583,-7.57,22.0,4.64,4.51,0.13,413.9,23.0,390.9,1.04,5.5,NORMAL
2024-01-04,Lissasfa,recent,33.535,-7.67,7.2,4.88,4.55,0.33,140.0,10.2,129.8,1.42,7.3,NORMAL
2024-01-04,Maarif,mixte,33.578,-7.635,12.4,4.48,4.38,0.1,267.8,10.0,257.8,0.8,3.7,NORMAL
2024-01-04,Medina,ancien,33.595,-7.619,18.5,4.61,3.58,1.02,411.4,44.9,366.5,2.43,10.9,SUSPECT
2024-01-04,Racine,mixte,33.585,-7.642,11.2,5.29,2.45,2.85,240.0,69.9,170.1,6.24,29.1,FUITE
2024-01-04,Roches_Noires,ancien,33.61,-7.555,14.7,4.57,4.13,0.44,284.3,22.1,262.2,1.5,7.8,NORMAL
2024-01-04,Sbata,ancien,33.57,-7.595,17.1,4.59,4.11,0.48,388.5,11.0,377.4,0.65,2.8,NORMAL
2024-01-04,Sidi_Bernoussi,recent,33.62,-7.51,15.3,5.03,4.64,0.39,299.1,12.3,286.8,0.81,4.1,NORMAL
2024-01-04,Sidi_Maarouf,recent,33.545,-7.62,9.0,5.18,4.82,0.37,184.2,9.3,174.9,1.04,5.1,NORMAL
2024-01-04,Val_Fleuri,mixte,33.572,-7.628,13.0,4.42,3.95,0.47,256.6,17.7,238.9,1.36,6.9,NORMAL
2024-01-05,Ain_Diab,recent,33.595,-7.69,11.5,5.81,5.62,0.19,258.2,8.7,249.5,0.75,3.4,NORMAL
2024-01-05,Ain_Sebaa,ancien,33.605,-7.53,20.3,5.43,5.08,0.35,364.3,28.2,336.1,1.39,7.7,NORMAL
2024-01-05,Anfa,recent,33.59,-7.66,10.2,5.57,5.17,0.4,237.0,10.4,226.6,1.02,4.4,NORMAL
2024-01-05,Beauséjour,mixte,33.58,-7.618,10.1,4.24,3.92,0.33,248.9,14.6,234.4,1.45,5.9,NORMAL
2024-01-05,Ben_Msick,ancien,33.565,-7.585,19.8,5.69,5.07,0.63,387.7,61.9,325.8,3.13,16.0,SUSPECT
2024-01-05,Bourgogne,mixte,33.588,-7.628,10.8,4.3,4.06,0.24,283.3,12.8,270.5,1.19,4.5,NORMAL
2024-01-05,Bouskoura,recent,33.51,-7.66,6.8,4.05,3.66,0.39,148.1,5.5,142.6,0.81,3.7,NORMAL
2024-01-05,Derb_Sultan,ancien,33.575,-7.61,16.2,4.42,3.55,0.87,348.4,49.4,299.0,3.05,14.2,SUSPECT
2024-01-05,Gauthier,mixte,33.592,-7.62,9.5,4.36,3.93,0.43,219.5,7.6,211.8,0.8,3.5,NORMAL
2024-01-05,Hay_Hassani,recent,33.555,-7.65,8.5,5.66,4.89,0.77,181.0,19.9,161.1,2.34,11.0,SUSPECT
2024-01-05,Hay_Mohammadi,ancien,33.583,-7.57,22.0,4.03,3.75,0.28,440.6,25.9,414.7,1.18,5.9,NORMAL
2024-01-05,Lissasfa,recent,33.535,-7.67,7.2,5.01,4.53,0.49,156.1,12.3,143.7,1.71,7.9,NORMAL
2024-01-05,Maarif,mixte,33.578,-7.635,12.4,4.47,4.4,0.07,239.5,19.0,220.5,1.53,7.9,NORMAL
2024-01-05,Medina,ancien,33.595,-7.619,18.5,4.28,4.1,0.18,403.2,19.1,384.1,1.03,4.7,NORMAL
2024-01-05,Racine,mixte,33.585,-7.642,11.2,5.87,5.02,0.85,228.9,29.4,199.5,2.63,12.9,SUSPECT
2024-01-05,Roches_Noires,ancien,33.61,-7.555,14.7,5.94,4.38,1.56,346.4,84.3,262.1,5.73,24.3,FUITE
2024-01-05,Sbata,ancien,33.57,-7.595,17.1,4.97,4.52,0.45,392.4,17.9,374.5,1.04,4.6,NORMAL
2024-01-05,Sidi_Bernoussi,recent,33.62,-7.51,15.3,5.89,5.44,0.45,312.3,20.9,291.4,1.36,6.7,NORMAL
2024-01-05,Sidi_Maarouf,recent,33.545,-7.62,9.0,4.77,4.5,0.27,209.1,16.1,193.0,1.79,7.7,NORMAL
2024-01-05,Val_Fleuri,mixte,33.572,-7.628,13.0,5.76,5.32,0.44,316.6,21.3,295.3,1.64,6.7,NORMAL
2024-01-06,Ain_Diab,recent,33.595,-7.69,11.5,5.96,5.64,0.32,248.9,14.7,234.3,1.27,5.9,NORMAL
2024-01-06,Ain_Sebaa,ancien,33.605,-7.53,20.3,5.11,4.78,0.33,380.6,13.3,367.3,0.65,3.5,NORMAL
2024-01-06,Anfa,recent,33.59,-7.66,10.2,4.13,3.98,0.15,221.8,10.9,210.9,1.07,4.9,NORMAL
2024-01-06,Beauséjour,mixte,33.58,-7.618,10.1,4.08,3.6,0.49,250.6,9.4,241.2,0.93,3.8,NORMAL
2024-01-06,Ben_Msick,ancien,33.565,-7.585,19.8,4.46,3.24,1.22,426.4,61.5,365.0,3.1,14.4,SUSPECT
2024-01-06,Bourgogne,mixte,33.588,-7.628,10.8,4.8,4.62,0.17,286.3,12.8,273.5,1.18,4.5,NORMAL
2024-01-06,Bouskoura,recent,33.51,-7.66,6.8,4.23,3.75,0.48,141.6,10.4,131.2,1.53,7.3,NORMAL
2024-01-06,Derb_Sultan,ancien,33.575,-7.61,16.2,4.93,4.54,0.39,301.4,10.6,290.8,0.65,3.5,NORMAL
2024-01-06,Gauthier,mixte,33.592,-7.62,9.5,4.89,4.61,0.28,210.7,11.7,199.0,1.23,5.6,NORMAL
2024-01-06,Hay_Hassani,recent,33.555,-7.65,8.5,4.52,4.28,0.24,200.1,14.1,186.0,1.66,7.1,NORMAL
2024-01-06,Hay_Mohammadi,ancien,33.583,-7.57,22.0,5.38,4.5,0.89,542.9,50.9,492.0,2.31,9.4,SUSPECT
2024-01-06,Lissasfa,recent,33.535,-7.67,7.2,5.27,5.14,0.12,178.3,8.1,170.2,1.13,4.6,NORMAL
2024-01-06,Maarif,mixte,33.578,-7.635,12.4,4.77,4.41,0.36,256.3,19.7,236.6,1.59,7.7,NORMAL
2024-01-06,Medina,ancien,33.595,-7.619,18.5,4.4,4.12,0.28,431.6,9.8,421.8,0.53,2.3,NORMAL
2024-01-06,Racine,mixte,33.585,-7.642,11.2,4.57,4.38,0.19,283.6,14.8,268.8,1.33,5.2,NORMAL
2024-01-06,Roches_Noires,ancien,33.61,-7.555,14.7,4.15,3.85,0.3,353.6,18.2,335.5,1.24,5.1,NORMAL
2024-01-06,Sbata,ancien,33.57,-7.595,17.1,4.54,2.22,2.31,374.4,79.0,295.4,4.62,21.1,FUITE
2024-01-06,Sidi_Bernoussi,recent,33.62,-7.51,15.3,5.0,4.85,0.14,328.7,10.2,318.5,0.67,3.1,NORMAL
2024-01-06,Sidi_Maarouf,recent,33.545,-7.62,9.0,5.49,5.21,0.28,208.0,5.0,203.0,0.56,2.4,NORMAL
2024-01-06,Val_Fleuri,mixte,33.572,-7.628,13.0,4.16,3.93,0.23,261.6,16.1,245.5,1.24,6.2,NORMAL
2024-01-07,Ain_Diab,recent,33.595,-7.69,11.5,5.78,5.5,0.28,256.0,14.1,241.9,1.23,5.5,NORMAL
2024-01-07,Ain_Sebaa,ancien,33.605,-7.53,20.3,5.52,5.46,0.06,345.1,7.9,337.2,0.39,2.3,NORMAL
2024-01-07,Anfa,recent,33.59,-7.66,10.2,4.95,4.87,0.08,273.0,20.9,252.1,2.05,7.7,NORMAL
2024-01-07,Beauséjour,mixte,33.58,-7.618,10.1,5.2,4.89,0.31,247.1,17.0,230.1,1.68,6.9,NORMAL
2024-01-07,Ben_Msick,ancien,33.565,-7.585,19.8,5.09,4.92,0.16,381.5,11.8,369.7,0.6,3.1,NORMAL
2024-01-07,Bourgogne,mixte,33.588,-7.628,10.8,4.46,4.31,0.15,214.8,12.7,202.1,1.18,5.9,NORMAL
2024-01-07,Bouskoura,recent,33.51,-7.66,6.8,5.65,5.16,0.49,140.5,10.9,129.6,1.6,7.8,NORMAL
2024-01-07,Derb_Sultan,ancien,33.575,-7.61,16.2,5.79,5.51,0.28,353.4,9.3,344.0,0.58,2.6,NORMAL
2024-01-07,Gauthier,mixte,33.592,-7.62,9.5,4.78,4.3,0.49,204.0,12.1,191.9,1.28,5.9,NORMAL
2024-01-07,Hay_Hassani,recent,33.555,-7.65,8.5,5.61,5.35,0.26,179.1,5.0,174.1,0.59,2.8,NORMAL
2024-01-07,Hay_Mohammadi,ancien,33.583,-7.57,22.0,4.23,3.76,0.47,534.3,19.0,515.4,0.86,3.5,NORMAL
2024-01-07,Lissasfa,recent,33.535,-7.67,7.2,4.03,3.72,0.3,161.3,10.2,151.1,1.42,6.3,NORMAL
2024-01-07,Maarif,mixte,33.578,-7.635,12.4,4.18,3.94,0.24,311.8,23.9,287.9,1.93,7.7,NORMAL
2024-01-07,Medina,ancien,33.595,-7.619,18.5,4.34,4.26,0.08,476.6,37.1,439.4,2.01,7.8,NORMAL
2024-01-07,Racine,mixte,33.585,-7.642,11.2,5.22,4.85,0.37,242.3,10.9,231.4,0.97,4.5,NORMAL
2024-01-07,Roches_Noires,ancien,33.61,-7.555,14.7,5.39,5.14,0.25,321.9,17.7,304.1,1.21,5.5,NORMAL
2024-01-07,Sbata,ancien,33.57,-7.595,17.1,5.67,4.19,1.48,362.8,35.3,327.5,2.06,9.7,SUSPECT
2024-01-07,Sidi_Bernoussi,recent,33.62,-7.51,15.3,5.71,5.57,0.14,278.8,6.7,272.1,0.44,2.4,NORMAL
2024-01-07,Sidi_Maarouf,recent,33.545,-7.62,9.0,4.72,4.46,0.26,172.7,4.9,167.8,0.55,2.8,NORMAL
2024-01-07,Val_Fleuri,mixte,33.572,-7.628,13.0,5.95,5.61,0.34,318.1,8.9,309.2,0.68,2.8,NORMAL
2024-01-08,Ain_Diab,recent,33.595,-7.69,11.5,4.14,3.79,0.36,239.9,15.1,224.8,1.31,6.3,NORMAL
2024-01-08,Ain_Sebaa,ancien,33.605,-7.53,20.3,5.71,3.16,2.56,387.0,74.2,312.8,3.66,19.2,FUITE
2024-01-08,Anfa,recent,33.59,-7.66,10.2,5.98,5.69,0.3,273.3,6.7,266.6,0.66,2.5,NORMAL
2024-01-08,Beauséjour,mixte,33.58,-7.618,10.1,4.26,4.05,0.2,259.5,8.7,250.8,0.86,3.3,NORMAL
2024-01-08,Ben_Msick,ancien,33.565,-7.585,19.8,5.17,4.94,0.23,395.4,30.4,365.1,1.53,7.7,NORMAL
2024-01-08,Bourgogne,mixte,33.588,-7.628,10.8,5.73,5.47,0.26,285.1,8.9,276.2,0.82,3.1,NORMAL
2024-01-08,Bouskoura,recent,33.51,-7.66,6.8,4.77,4.57,0.2,151.9,4.4,147.4,0.65,2.9,NORMAL
2024-01-08,Derb_Sultan,ancien,33.575,-7.61,16.2,5.07,4.91,0.16,325.8,13.9,311.9,0.86,4.3,NORMAL
2024-01-08,Gauthier,mixte,33.592,-7.62,9.5,5.55,5.44,0.11,251.0,11.9,239.2,1.25,4.7,NORMAL
2024-01-08,Hay_Hassani,recent,33.555,-7.65,8.5,5.46,5.18,0.27,176.6,11.3,165.3,1.32,6.4,NORMAL
2024-01-08,Hay_Mohammadi,ancien,33.583,-7.57,22.0,5.63,5.33,0.3,484.3,16.7,467.6,0.76,3.5,NORMAL
2024-01-08,Lissasfa,recent,33.535,-7.67,7.2,4.16,3.78,0.38,145.0,10.4,134.6,1.44,7.1,NORMAL
2024-01-08,Maarif,mixte,33.578,-7.635,12.4,5.23,5.1,0.13,321.3,10.9,310.4,0.88,3.4,NORMAL
2024-01-08,Medina,ancien,33.595,-7.619,18.5,4.61,4.52,0.09,443.2,20.6,422.6,1.11,4.6,NORMAL
2024-01-08,Racine,mixte,33.585,-7.642,11.2,4.36,4.01,0.36,235.2,12.1,223.0,1.08,5.2,NORMAL
2024-01-08,Roches_Noires,ancien,33.61,-7.555,14.7,4.09,3.91,0.18,351.9,25.8,326.1,1.76,7.3,NORMAL
2024-01-08,Sbata,ancien,33.57,-7.595,17.1,4.04,3.58,0.46,318.7,17.4,301.3,1.02,5.5,NORMAL
2024-01-08,Sidi_Bernoussi,recent,33.62,-7.51,15.3,5.01,4.78,0.23,349.8,24.5,325.3,1.6,7.0,NORMAL
2024-01-08,Sidi_Maarouf,recent,33.545,-7.62,9.0,5.94,5.74,0.2,198.9,6.3,192.6,0.7,3.2,NORMAL
2024-01-08,Val_Fleuri,mixte,33.572,-7.628,13.0,5.85,5.58,0.27,299.2,19.7,279.5,1.52,6.6,NORMAL
2024-01-09,Ain_Diab,recent,33.595,-7.69,11.5,5.61,5.31,0.3,261.6,7.5,254.1,0.65,2.9,NORMAL
2024-01-09,Ain_Sebaa,ancien,33.605,-7.53,20.3,4.95,4.82,0.13,382.3,16.8,365.5,0.83,4.4,NORMAL
2024-01-09,Anfa,recent,33.59,-7.66,10.2,4.45,4.31,0.14,214.1,12.3,201.9,1.2,5.7,NORMAL
2024-01-09,Beauséjour,mixte,33.58,-7.618,10.1,4.86,4.62,0.25,237.8,18.2,219.6,1.8,7.7,NORMAL
2024-01-09,Ben_Msick,ancien,33.565,-7.585,19.8,5.17,4.17,1.01,413.4,33.8,379.6,1.71,8.2,SUSPECT
2024-01-09,Bourgogne,mixte,33.588,-7.628,10.8,5.55,5.16,0.4,275.9,18.1,257.7,1.68,6.6,NORMAL
2024-01-09,Bouskoura,recent,33.51,-7.66,6.8,5.08,4.69,0.39,165.0,7.7,157.4,1.13,4.6,NORMAL
2024-01-09,Derb_Sultan,ancien,33.575,-7.61,16.2,4.64,2.83,1.82,331.9,64.5,267.4,3.98,19.4,FUITE
2024-01-09,Gauthier,mixte,33.592,-7.62,9.5,4.15,4.02,0.13,221.3,8.9,212.4,0.94,4.0,NORMAL
2024-01-09,Hay_Hassani,recent,33.555,-7.65,8.5,4.32,3.99,0.32,160.3,10.4,149.9,1.23,6.5,NORMAL
2024-01-09,Hay_Mohammadi,ancien,33.583,-7.57,22.0,5.79,2.94,2.85,499.2,110.2,389.0,5.01,22.1,FUITE
2024-01-09,Lissasfa,recent,33.535,-7.67,7.2,5.08,4.71,0.37,151.1,7.3,143.8,1.01,4.8,NORMAL
2024-01-09,Maarif,mixte,33.578,-7.635,12.4,5.3,4.98,0.32,281.1,9.5,271.6,0.77,3.4,NORMAL
2024-01-09,Medina,ancien,33.595,-7.619,18.5,4.99,4.46,0.53,471.6,49.9,421.6,2.7,10.6,SUSPECT
2024-01-09,Racine,mixte,33.585,-7.642,11.2,4.21,3.91,0.31,241.0,18.7,222.3,1.67,7.8,NORMAL
2024-01-09,Roches_Noires,ancien,33.61,-7.555,14.7,5.24,5.07,0.17,281.0,13.4,267.6,0.91,4.8,NORMAL
2024-01-09,Sbata,ancien,33.57,-7.595,17.1,5.11,4.77,0.34,395.6,12.8,382.8,0.75,3.2,NORMAL
2024-01-09,Sidi_Bernoussi,recent,33.62,-7.51,15.3,5.39,4.99,0.4,334.8,9.7,325.1,0.64,2.9,NORMAL
2024-01-09,Sidi_Maarouf,recent,33.545,-7.62,9.0,4.56,4.42,0.14,201.0,4.1,196.9,0.45,2.0,NORMAL
2024-01-09,Val_Fleuri,mixte,33.572,-7.628,13.0,5.01,4.78,0.23,259.2,10.9,248.3,0.84,4.2,NORMAL
2024-01-10,Ain_Diab,recent,33.595,-7.69,11.5,4.54,4.27,0.27,243.2,6.8,236.4,0.59,2.8,NORMAL
2024-01-10,Ain_Sebaa,ancien,33.605,-7.53,20.3,5.27,5.2,0.07,375.3,21.6,353.7,1.06,5.8,NORMAL
2024-01-10,Anfa,recent,33.59,-7.66,10.2,5.16,5.04,0.12,262.4,15.3,247.1,1.5,5.8,NORMAL
2024-01-10,Beauséjour,mixte,33.58,-7.618,10.1,4.24,4.1,0.14,256.7,15.1,241.6,1.49,5.9,NORMAL
2024-01-10,Ben_Msick,ancien,33.565,-7.585,19.8,5.86,5.56,0.3,423.6,31.9,391.7,1.61,7.5,NORMAL
2024-01-10,Bourgogne,mixte,33.588,-7.628,10.8,4.26,4.2,0.06,281.6,16.0,265.5,1.49,5.7,NORMAL
2024-01-10,Bouskoura,recent,33.51,-7.66,6.8,4.52,4.38,0.14,130.1,5.3,124.8,0.78,4.1,NORMAL
2024-01-10,Derb_Sultan,ancien,33.575,-7.61,16.2,5.19,4.83,0.36,380.4,19.0,361.4,1.17,5.0,NORMAL
2024-01-10,Gauthier,mixte,33.592,-7.62,9.5,4.86,4.7,0.16,227.7,14.2,213.5,1.5,6.2,NORMAL
2024-01-10,Hay_Hassani,recent,33.555,-7.65,8.5,5.91,5.83,0.08,156.1,5.8,150.3,0.68,3.7,NORMAL
2024-01-10,Hay_Mohammadi,ancien,33.583,-7.57,22.0,5.45,5.0,0.45,535.7,35.8,500.0,1.63,6.7,NORMAL
2024-01-10,Lissasfa,recent,33.535,-7.67,7.2,4.92,4.71,0.21,159.7,11.1,148.6,1.55,7.0,NORMAL
2024-01-10,Maarif,mixte,33.578,-7.635,12.4,4.44,4.31,0.13,303.5,12.4,291.0,1.0,4.1,NORMAL
2024-01-10,Medina,ancien,33.595,-7.619,18.5,4.62,4.34,0.28,425.9,13.2,412.6,0.72,3.1,NORMAL
2024-01-10,Racine,mixte,33.585,-7.642,11.2,5.61,5.31,0.3,224.4,13.0,211.4,1.16,5.8,NORMAL
2024-01-10,Roches_Noires,ancien,33.61,-7.555,14.7,5.17,5.08,0.08,354.1,28.0,326.1,1.91,7.9,NORMAL
2024-01-10,Sbata,ancien,33.57,-7.595,17.1,4.27,1.5,2.85,400.4,100.8,299.6,5.89,25.2,FUITE
2024-01-10,Sidi_Bernoussi,recent,33.62,-7.51,15.3,5.08,4.9,0.18,312.8,7.0,305.9,0.46,2.2,NORMAL
2024-01-10,Sidi_Maarouf,recent,33.545,-7.62,9.0,4.44,2.88,1.56,176.5,38.9,137.5,4.33,22.1,FUITE
2024-01-10,Val_Fleuri,mixte,33.572,-7.628,13.0,4.05,3.42,0.64,330.3,44.6,285.7,3.43,13.5,SUSPECT
2024-01-11,Ain_Diab,recent,33.595,-7.69,11.5,4.11,3.72,0.39,245.8,4.9,240.9,0.43,2.0,NORMAL
2024-01-11,Ain_Sebaa,ancien,33.605,-7.53,20.3,5.71,5.37,0.35,350.6,8.5,342.1,0.42,2.4,NORMAL
2024-01-11,Anfa,recent,33.59,-7.66,10.2,5.35,5.18,0.17,228.9,17.2,211.7,1.68,7.5,NORMAL
2024-01-11,Beauséjour,mixte,33.58,-7.618,10.1,5.63,5.19,0.44,253.9,19.1,234.8,1.89,7.5,NORMAL
2024-01-11,Ben_Msick,ancien,33.565,-7.585,19.8,4.31,4.0,0.31,412.8,18.8,394.0,0.95,4.5,NORMAL
2024-01-11,Bourgogne,mixte,33.588,-7.628,10.8,4.96,4.86,0.1,221.9,13.6,208.3,1.26,6.1,NORMAL
2024-01-11,Bouskoura,recent,33.51,-7.66,6.8,5.93,5.63,0.3,143.1,7.8,135.3,1.15,5.5,NORMAL
2024-01-11,Derb_Sultan,ancien,33.575,-7.61,16.2,5.07,2.69,2.38,375.8,87.1,288.7,5.38,23.2,FUITE
2024-01-11,Gauthier,mixte,33.592,-7.62,9.5,4.34,4.27,0.07,235.6,14.1,221.5,1.48,6.0,NORMAL
2024-01-11,Hay_Hassani,recent,33.555,-7.65,8.5,4.49,4.04,0.46,166.5,6.0,160.4,0.71,3.6,NORMAL
2024-01-11,Hay_Mohammadi,ancien,33.583,-7.57,22.0,4.17,4.05,0.12,537.4,30.3,507.1,1.38,5.6,NORMAL
2024-01-11,Lissasfa,recent,33.535,-7.67,7.2,4.35,3.98,0.37,175.6,4.6,171.1,0.64,2.6,NORMAL
2024-01-11,Maarif,mixte,33.578,-7.635,12.4,5.94,4.55,1.38,315.9,56.7,259.2,4.57,17.9,SUSPECT
2024-01-11,Medina,ancien,33.595,-7.619,18.5,5.55,5.08,0.47,469.7,26.2,443.5,1.42,5.6,NORMAL
2024-01-11,Racine,mixte,33.585,-7.642,11.2,5.2,4.78,0.42,290.0,9.8,280.2,0.87,3.4,NORMAL
2024-01-11,Roches_Noires,ancien,33.61,-7.555,14.7,5.07,4.88,0.19,339.2,20.7,318.5,1.41,6.1,NORMAL
2024-01-11,Sbata,ancien,33.57,-7.595,17.1,5.33,5.2,0.13,404.8,18.3,386.5,1.07,4.5,NORMAL
2024-01-11,Sidi_Bernoussi,recent,33.62,-7.51,15.3,5.53,5.48,0.05,312.0,16.0,296.0,1.05,5.1,NORMAL
2024-01-11,Sidi_Maarouf,recent,33.545,-7.62,9.0,5.14,4.86,0.28,187.6,14.2,173.4,1.58,7.6,NORMAL
2024-01-11,Val_Fleuri,mixte,33.572,-7.628,13.0,4.86,4.67,0.19,290.5,13.5,277.1,1.04,4.6,NORMAL
2024-01-12,Ain_Diab,recent,33.595,-7.69,11.5,4.09,3.92,0.17,276.1,6.6,269.6,0.57,2.4,NORMAL
2024-01-12,Ain_Sebaa,ancien,33.605,-7.53,20.3,4.05,3.74,0.31,441.5,24.1,417.4,1.19,5.5,NORMAL
2024-01-12,Anfa,recent,33.59,-7.66,10.2,4.94,4.49,0.45,255.0,6.1,248.9,0.59,2.4,NORMAL
2024-01-12,Beauséjour,mixte,33.58,-7.618,10.1,5.51,5.25,0.26,253.6,16.2,237.4,1.6,6.4,NORMAL
2024-01-12,Ben_Msick,ancien,33.565,-7.585,19.8,5.87,5.4,0.47,394.1,10.6,383.5,0.53,2.7,NORMAL
2024-01-12,Bourgogne,mixte,33.588,-7.628,10.8,4.4,4.13,0.27,217.3,11.9,205.4,1.11,5.5,NORMAL
2024-01-12,Bouskoura,recent,33.51,-7.66,6.8,4.89,4.56,0.33,149.5,6.6,142.9,0.97,4.4,NORMAL
2024-01-12,Derb_Sultan,ancien,33.575,-7.61,16.2,4.57,3.7,0.86,365.3,50.1,315.2,3.09,13.7,SUSPECT
2024-01-12,Gauthier,mixte,33.592,-7.62,9.5,5.69,5.28,0.41,225.6,16.3,209.4,1.71,7.2,NORMAL
2024-01-12,Hay_Hassani,recent,33.555,-7.65,8.5,4.9,4.5,0.4,156.5,7.7,148.8,0.91,4.9,NORMAL
2024-01-12,Hay_Mohammadi,ancien,33.583,-7.57,22.0,4.2,1.71,2.5,408.7,81.5,327.3,3.7,19.9,FUITE
2024-01-12,Lissasfa,recent,33.535,-7.67,7.2,4.28,4.08,0.21,157.6,10.2,147.4,1.42,6.5,NORMAL
2024-01-12,Maarif,mixte,33.578,-7.635,12.4,4.79,4.4,0.39,296.5,8.7,287.8,0.7,2.9,NORMAL
2024-01-12,Medina,ancien,33.595,-7.619,18.5,4.18,4.04,0.14,362.7,14.3,348.4,0.77,4.0,NORMAL
2024-01-12,Racine,mixte,33.585,-7.642,11.2,5.22,4.99,0.23,286.5,21.2,265.3,1.89,7.4,NORMAL
2024-01-12,Roches_Noires,ancien,33.61,-7.555,14.7,5.82,4.5,1.32,351.8,53.7,298.2,3.65,15.3,SUSPECT
2024-01-12,Sbata,ancien,33.57,-7.595,17.1,5.04,4.97,0.07,324.0,20.8,303.1,1.22,6.4,NORMAL
2024-01-12,Sidi_Bernoussi,recent,33.62,-7.51,15.3,5.95,5.22,0.73,301.2,33.3,268.0,2.17,11.0,SUSPECT
2024-01-12,Sidi_Maarouf,recent,33.545,-7.62,9.0,4.17,3.85,0.33,176.8,7.2,169.6,0.8,4.1,NORMAL
2024-01-12,Val_Fleuri,mixte,33.572,-7.628,13.0,5.28,4.57,0.72,300.4,43.6,256.8,3.35,14.5,SUSPECT
2024-01-13,Ain_Diab,recent,33.595,-7.69,11.5,4.01,3.85,0.16,278.8,10.9,267.9,0.94,3.9,NORMAL
2024-01-13,Ain_Sebaa,ancien,33.605,-7.53,20.3,5.29,5.03,0.26,395.3,30.2,365.1,1.49,7.6,NORMAL
2024-01-13,Anfa,recent,33.59,-7.66,10.2,4.02,3.68,0.33,236.2,6.6,229.6,0.65,2.8,NORMAL
2024-01-13,Beauséjour,mixte,33.58,-7.618,10.1,5.31,5.18,0.13,233.1,18.4,214.7,1.83,7.9,NORMAL
2024-01-13,Ben_Msick,ancien,33.565,-7.585,19.8,5.68,5.57,0.11,450.5,32.5,418.0,1.64,7.2,NORMAL
2024-01-13,Bourgogne,mixte,33.588,-7.628,10.8,5.6,5.41,0.19,246.6,5.1,241.5,0.47,2.1,NORMAL
2024-01-13,Bouskoura,recent,33.51,-7.66,6.8,5.76,5.43,0.33,153.1,8.8,144.4,1.29,5.7,NORMAL
2024-01-13,Derb_Sultan,ancien,33.575,-7.61,16.2,5.97,5.65,0.32,322.4,8.4,314.0,0.52,2.6,NORMAL
2024-01-13,Gauthier,mixte,33.592,-7.62,9.5,4.22,4.05,0.17,190.8,9.9,180.9,1.04,5.2,NORMAL
2024-01-13,Hay_Hassani,recent,33.555,-7.65,8.5,4.13,2.72,1.41,160.5,21.4,139.1,2.52,13.3,SUSPECT
2024-01-13,Hay_Mohammadi,ancien,33.583,-7.57,22.0,5.38,5.04,0.34,440.3,27.6,412.7,1.26,6.3,NORMAL
2024-01-13,Lissasfa,recent,33.535,-7.67,7.2,5.24,5.03,0.21,176.4,8.5,167.9,1.18,4.8,NORMAL
2024-01-13,Maarif,mixte,33.578,-7.635,12.4,4.45,4.3,0.15,283.1,15.7,267.4,1.27,5.6,NORMAL
2024-01-13,Medina,ancien,33.595,-7.619,18.5,4.54,4.12,0.42,402.0,14.8,387.1,0.8,3.7,NORMAL
2024-01-13,Racine,mixte,33.585,-7.642,11.2,4.47,4.07,0.4,242.4,16.8,225.6,1.5,6.9,NORMAL
2024-01-13,Roches_Noires,ancien,33.61,-7.555,14.7,4.84,4.37,0.47,344.0,7.8,336.2,0.53,2.3,NORMAL
2024-01-13,Sbata,ancien,33.57,-7.595,17.1,5.21,4.46,0.75,348.0,37.9,310.2,2.22,10.9,SUSPECT
2024-01-13,Sidi_Bernoussi,recent,33.62,-7.51,15.3,4.0,3.62,0.38,364.8,12.2,352.6,0.8,3.3,NORMAL
2024-01-13,Sidi_Maarouf,recent,33.545,-7.62,9.0,5.75,5.48,0.27,212.1,16.9,195.3,1.88,8.0,NORMAL
2024-01-13,Val_Fleuri,mixte,33.572,-7.628,13.0,4.12,3.72,0.4,286.5,6.7,279.8,0.52,2.3,NORMAL
2024-01-14,Ain_Diab,recent,33.595,-7.69,11.5,4.72,4.55,0.17,286.7,11.1,275.6,0.97,3.9,NORMAL
2024-01-14,Ain_Sebaa,ancien,33.605,-7.53,20.3,5.92,5.46,0.46,354.4,8.6,345.8,0.42,2.4,NORMAL
2024-01-14,Anfa,recent,33.59,-7.66,10.2,5.06,4.9,0.16,240.0,14.6,225.5,1.43,6.1,NORMAL
2024-01-14,Beauséjour,mixte,33.58,-7.618,10.1,4.09,3.96,0.12,204.6,13.0,191.6,1.29,6.4,NORMAL
2024-01-14,Ben_Msick,ancien,33.565,-7.585,19.8,5.18,4.95,0.23,346.6,13.9,332.7,0.7,4.0,NORMAL
2024-01-14,Bourgogne,mixte,33.588,-7.628,10.8,4.78,3.81,0.98,257.5,28.1,229.4,2.6,10.9,SUSPECT
2024-01-14,Bouskoura,recent,33.51,-7.66,6.8,4.79,4.72,0.07,148.9,7.8,141.1,1.15,5.3,NORMAL
2024-01-14,Derb_Sultan,ancien,33.575,-7.61,16.2,4.49,3.83,0.66,317.1,34.4,282.7,2.12,10.9,SUSPECT
2024-01-14,Gauthier,mixte,33.592,-7.62,9.5,4.08,3.97,0.1,216.8,16.5,200.4,1.74,7.6,NORMAL
2024-01-14,Hay_Hassani,recent,33.555,-7.65,8.5,4.69,4.24,0.45,154.2,9.2,145.0,1.09,6.0,NORMAL
2024-01-14,Hay_Mohammadi,ancien,33.583,-7.57,22.0,4.65,3.4,1.25,501.5,82.7,418.8,3.76,16.5,SUSPECT
2024-01-14,Lissasfa,recent,33.535,-7.67,7.2,5.27,5.16,0.11,168.5,6.7,161.8,0.92,4.0,NORMAL
2024-01-14,Maarif,mixte,33.578,-7.635,12.4,4.18,3.74,0.44,260.3,7.2,253.1,0.58,2.8,NORMAL
2024-01-14,Medina,ancien,33.595,-7.619,18.5,4.28,3.87,0.41,366.4,29.0,337.4,1.57,7.9,NORMAL
2024-01-14,Racine,mixte,33.585,-7.642,11.2,5.34,5.24,0.09,269.7,12.7,257.0,1.13,4.7,NORMAL
2024-01-14,Roches_Noires,ancien,33.61,-7.555,14.7,4.75,2.04,2.72,355.3,70.4,284.9,4.79,19.8,FUITE
2024-01-14,Sbata,ancien,33.57,-7.595,17.1,5.44,5.25,0.18,367.2,17.8,349.3,1.04,4.9,NORMAL
2024-01-14,Sidi_Bernoussi,recent,33.62,-7.51,15.3,5.48,5.05,0.43,312.6,11.9,300.6,0.78,3.8,NORMAL
2024-01-14,Sidi_Maarouf,recent,33.545,-7.62,9.0,4.55,4.32,0.23,195.3,8.7,186.6,0.97,4.5,NORMAL
2024-01-14,Val_Fleuri,mixte,33.572,-7.628,13.0,4.12,3.75,0.36,332.1,11.4,320.7,0.88,3.4,NORMAL
2024-01-15,Ain_Diab,recent,33.595,-7.69,11.5,5.78,5.54,0.25,292.0,12.4,279.5,1.08,4.3,NORMAL
2024-01-15,Ain_Sebaa,ancien,33.605,-7.53,20.3,4.04,3.44,0.59,411.4,35.8,375.6,1.77,8.7,SUSPECT
2024-01-15,Anfa,recent,33.59,-7.66,10.2,4.55,4.14,0.41,237.1,12.5,224.6,1.23,5.3,NORMAL
2024-01-15,Beauséjour,mixte,33.58,-7.618,10.1,4.43,4.15,0.28,253.5,16.2,237.3,1.61,6.4,NORMAL
2024-01-15,Ben_Msick,ancien,33.565,-7.585,19.8,4.01,3.81,0.2,387.8,20.3,367.5,1.02,5.2,NORMAL
2024-01-15,Bourgogne,mixte,33.588,-7.628,10.8,5.72,5.32,0.4,215.5,10.5,204.9,0.97,4.9,NORMAL
2024-01-15,Bouskoura,recent,33.51,-7.66,6.8,5.93,5.47,0.46,160.0,8.3,151.7,1.22,5.2,NORMAL
2024-01-15,Derb_Sultan,ancien,33.575,-7.61,16.2,5.79,5.21,0.58,352.6,42.7,309.9,2.63,12.1,SUSPECT
2024-01-15,Gauthier,mixte,33.592,-7.62,9.5,5.01,4.95,0.07,196.8,15.6,181.2,1.64,7.9,NORMAL
2024-01-15,Hay_Hassani,recent,33.555,-7.65,8.5,5.12,4.65,0.47,155.8,7.0,148.8,0.83,4.5,NORMAL
2024-01-15,Hay_Mohammadi,ancien,33.583,-7.57,22.0,5.14,5.04,0.09,461.0,16.6,444.4,0.75,3.6,NORMAL
2024-01-15,Lissasfa,recent,33.535,-7.67,7.2,4.14,4.01,0.13,177.1,6.0,171.1,0.83,3.4,NORMAL
2024-01-15,Maarif,mixte,33.578,-7.635,12.4,5.91,5.47,0.44,306.0,18.2,287.8,1.46,5.9,NORMAL
2024-01-15,Medina,ancien,33.595,-7.619,18.5,4.4,4.34,0.05,459.7,28.7,431.1,1.55,6.2,NORMAL
2024-01-15,Racine,mixte,33.585,-7.642,11.2,4.34,3.95,0.38,288.3,9.5,278.8,0.85,3.3,NORMAL
2024-01-15,Roches_Noires,ancien,33.61,-7.555,14.7,4.76,4.28,0.49,341.8,24.0,317.8,1.63,7.0,NORMAL
2024-01-15,Sbata,ancien,33.57,-7.595,17.1,5.87,5.49,0.38,329.2,7.2,322.0,0.42,2.2,NORMAL
2024-01-15,Sidi_Bernoussi,recent,33.62,-7.51,15.3,5.43,5.01,0.42,289.4,12.2,277.2,0.8,4.2,NORMAL
2024-01-15,Sidi_Maarouf,recent,33.545,-7.62,9.0,5.43,5.1,0.32,188.6,13.1,175.5,1.45,6.9,NORMAL
2024-01-15,Val_Fleuri,mixte,33.572,-7.628,13.0,4.24,4.06,0.19,255.3,15.7,239.6,1.21,6.2,NORMAL
2024-01-16,Ain_Diab,recent,33.595,-7.69,11.5,4.18,3.82,0.36,259.5,11.2,248.3,0.98,4.3,NORMAL
2024-01-16,Ain_Sebaa,ancien,33.605,-7.53,20.3,5.69,5.63,0.06,426.8,15.8,411.0,0.78,3.7,NORMAL
2024-01-16,Anfa,recent,33.59,-7.66,10.2,4.09,3.96,0.12,236.1,7.7,228.4,0.75,3.3,NORMAL
2024-01-16,Beauséjour,mixte,33.58,-7.618,10.1,5.18,4.9,0.28,216.0,11.6,204.4,1.15,5.4,NORMAL
2024-01-16,Ben_Msick,ancien,33.565,-7.585,19.8,4.69,4.49,0.21,428.5,20.2,408.3,1.02,4.7,NORMAL
2024-01-16,Bourgogne,mixte,33.588,-7.628,10.8,4.48,3.99,0.49,223.2,11.1,212.0,1.03,5.0,NORMAL
2024-01-16,Bouskoura,recent,33.51,-7.66,6.8,4.26,3.86,0.41,133.1,9.0,124.1,1.32,6.8,NORMAL
2024-01-16,Derb_Sultan,ancien,33.575,-7.61,16.2,4.22,4.0,0.23,399.3,28.7,370.6,1.77,7.2,NORMAL
2024-01-16,Gauthier,mixte,33.592,-7.62,9.5,4.01,3.53,0.48,229.2,16.5,212.7,1.74,7.2,NORMAL
2024-01-16,Hay_Hassani,recent,33.555,-7.65,8.5,5.46,4.97,0.49,166.9,9.9,157.0,1.16,5.9,NORMAL
2024-01-16,Hay_Mohammadi,ancien,33.583,-7.57,22.0,5.95,5.72,0.23,536.5,31.0,505.4,1.41,5.8,NORMAL
2024-01-16,Lissasfa,recent,33.535,-7.67,7.2,4.56,4.22,0.34,169.3,8.6,160.7,1.19,5.1,NORMAL
2024-01-16,Maarif,mixte,33.578,-7.635,12.4,4.17,3.94,0.23,269.3,9.6,259.7,0.77,3.6,NORMAL
2024-01-16,Medina,ancien,33.595,-7.619,18.5,5.54,5.46,0.08,402.2,10.8,391.3,0.59,2.7,NORMAL
2024-01-16,Racine,mixte,33.585,-7.642,11.2,4.05,2.91,1.14,268.4,36.1,232.2,3.23,13.5,SUSPECT
2024-01-16,Roches_Noires,ancien,33.61,-7.555,14.7,4.83,4.66,0.17,268.7,19.3,249.4,1.31,7.2,NORMAL
2024-01-16,Sbata,ancien,33.57,-7.595,17.1,5.19,5.12,0.07,359.6,20.1,339.5,1.17,5.6,NORMAL
2024-01-16,Sidi_Bernoussi,recent,33.62,-7.51,15.3,5.61,5.12,0.49,344.4,15.0,329.4,0.98,4.4,NORMAL
2024-01-16,Sidi_Maarouf,recent,33.545,-7.62,9.0,5.64,5.59,0.05,208.2,4.8,203.4,0.53,2.3,NORMAL
2024-01-16,Val_Fleuri,mixte,33.572,-7.628,13.0,5.02,3.52,1.5,317.3,44.9,272.4,3.45,14.2,SUSPECT
2024-01-17,Ain_Diab,recent,33.595,-7.69,11.5,5.41,5.36,0.05,234.0,14.7,219.3,1.28,6.3,NORMAL
2024-01-17,Ain_Sebaa,ancien,33.605,-7.53,20.3,5.39,4.26,1.13,434.2,66.6,367.5,3.28,15.4,SUSPECT
2024-01-17,Anfa,recent,33.59,-7.66,10.2,5.69,5.2,0.49,261.1,18.6,242.5,1.82,7.1,NORMAL
2024-01-17,Beauséjour,mixte,33.58,-7.618,10.1,5.75,5.41,0.34,248.0,7.3,240.7,0.73,3.0,NORMAL
2024-01-17,Ben_Msick,ancien,33.565,-7.585,19.8,4.9,4.79,0.11,361.2,18.0,343.1,0.91,5.0,NORMAL
2024-01-17,Bourgogne,mixte,33.588,-7.628,10.8,5.4,5.1,0.3,213.2,8.4,204.8,0.78,4.0,NORMAL
2024-01-17,Bouskoura,recent,33.51,-7.66,6.8,5.75,5.28,0.47,134.2,6.4,127.8,0.94,4.8,NORMAL
2024-01-17,Derb_Sultan,ancien,33.575,-7.61,16.2,4.52,4.39,0.13,367.7,27.9,339.8,1.72,7.6,NORMAL
2024-01-17,Gauthier,mixte,33.592,-7.62,9.5,5.03,4.76,0.27,231.0,6.6,224.5,0.69,2.8,NORMAL
2024-01-17,Hay_Hassani,recent,33.555,-7.65,8.5,5.13,4.87,0.26,205.5,11.6,193.9,1.37,5.7,NORMAL
2024-01-17,Hay_Mohammadi,ancien,33.583,-7.57,22.0,5.01,4.7,0.31,478.9,15.2,463.7,0.69,3.2,NORMAL
2024-01-17,Lissasfa,recent,33.535,-7.67,7.2,4.43,4.36,0.06,150.6,8.9,141.7,1.24,5.9,NORMAL
2024-01-17,Maarif,mixte,33.578,-7.635,12.4,4.99,4.91,0.09,256.5,15.6,240.9,1.26,6.1,NORMAL
2024-01-17,Medina,ancien,33.595,-7.619,18.5,5.25,5.05,0.2,365.0,14.1,350.9,0.76,3.9,NORMAL
2024-01-17,Racine,mixte,33.585,-7.642,11.2,4.78,4.46,0.32,259.7,20.6,239.2,1.84,7.9,NORMAL
2024-01-17,Roches_Noires,ancien,33.61,-7.555,14.7,6.0,5.5,0.5,315.2,20.8,294.3,1.42,6.6,NORMAL
2024-01-17,Sbata,ancien,33.57,-7.595,17.1,5.54,5.44,0.1,314.1,20.0,294.1,1.17,6.4,NORMAL
2024-01-17,Sidi_Bernoussi,recent,33.62,-7.51,15.3,5.32,5.24,0.09,324.3,20.3,304.0,1.33,6.3,NORMAL
2024-01-17,Sidi_Maarouf,recent,33.545,-7.62,9.0,4.12,3.8,0.32,211.2,5.7,205.5,0.63,2.7,NORMAL
2024-01-17,Val_Fleuri,mixte,33.572,-7.628,13.0,5.25,4.96,0.29,283.6,7.9,275.7,0.61,2.8,NORMAL
2024-01-18,Ain_Diab,recent,33.595,-7.69,11.5,5.93,5.54,0.39,295.2,18.3,276.8,1.6,6.2,NORMAL
2024-01-18,Ain_Sebaa,ancien,33.605,-7.53,20.3,4.56,4.43,0.13,419.3,28.7,390.6,1.41,6.8,NORMAL
2024-01-18,Anfa,recent,33.59,-7.66,10.2,5.92,5.78,0.14,272.5,21.7,250.8,2.13,8.0,NORMAL
2024-01-18,Beauséjour,mixte,33.58,-7.618,10.1,4.02,3.86,0.16,245.6,19.5,226.1,1.93,8.0,NORMAL
2024-01-18,Ben_Msick,ancien,33.565,-7.585,19.8,5.83,5.62,0.21,409.7,23.7,385.9,1.2,5.8,NORMAL
2024-01-18,Bourgogne,mixte,33.588,-7.628,10.8,4.18,3.97,0.21,215.0,5.3,209.7,0.49,2.5,NORMAL
2024-01-18,Bouskoura,recent,33.51,-7.66,6.8,4.97,4.53,0.44,154.0,6.5,147.4,0.96,4.3,NORMAL
2024-01-18,Derb_Sultan,ancien,33.575,-7.61,16.2,5.14,4.97,0.18,378.3,11.8,366.5,0.73,3.1,NORMAL
2024-01-18,Gauthier,mixte,33.592,-7.62,9.5,4.62,2.06,2.56,200.3,52.2,148.1,5.5,26.1,FUITE
2024-01-18,Hay_Hassani,recent,33.555,-7.65,8.5,4.23,4.11,0.12,165.2,5.8,159.4,0.68,3.5,NORMAL
2024-01-18,Hay_Mohammadi,ancien,33.583,-7.57,22.0,4.56,4.5,0.06,500.9,15.3,485.6,0.7,3.1,NORMAL
2024-01-18,Lissasfa,recent,33.535,-7.67,7.2,5.74,5.35,0.39,173.8,10.4,163.4,1.45,6.0,NORMAL
2024-01-18,Maarif,mixte,33.578,-7.635,12.4,5.7,4.71,1.0,278.4,38.8,239.6,3.13,13.9,SUSPECT
2024-01-18,Medina,ancien,33.595,-7.619,18.5,5.46,5.12,0.34,468.8,22.7,446.1,1.22,4.8,NORMAL
2024-01-18,Racine,mixte,33.585,-7.642,11.2,5.39,5.16,0.23,254.4,16.0,238.4,1.43,6.3,NORMAL
2024-01-18,Roches_Noires,ancien,33.61,-7.555,14.7,5.7,5.54,0.16,305.4,8.5,296.9,0.58,2.8,NORMAL
2024-01-18,Sbata,ancien,33.57,-7.595,17.1,5.38,5.13,0.25,332.6,23.0,309.6,1.34,6.9,NORMAL
2024-01-18,Sidi_Bernoussi,recent,33.62,-7.51,15.3,5.56,5.25,0.31,363.4,8.2,355.2,0.54,2.3,NORMAL
2024-01-18,Sidi_Maarouf,recent,33.545,-7.62,9.0,4.91,4.7,0.22,177.3,8.0,169.3,0.89,4.5,NORMAL
2024-01-18,Val_Fleuri,mixte,33.572,-7.628,13.0,4.9,4.76,0.14,278.5,12.5,266.0,0.96,4.5,NORMAL
2024-01-19,Ain_Diab,recent,33.595,-7.69,11.5,4.21,3.81,0.4,271.2,6.2,265.0,0.54,2.3,NORMAL
2024-01-19,Ain_Sebaa,ancien,33.605,-7.53,20.3,4.83,4.61,0.22,422.3,17.1,405.3,0.84,4.0,NORMAL
2024-01-19,Anfa,recent,33.59,-7.66,10.2,5.96,5.66,0.31,222.7,10.3,212.4,1.01,4.6,NORMAL
2024-01-19,Beauséjour,mixte,33.58,-7.618,10.1,4.8,4.39,0.41,209.6,11.2,198.4,1.11,5.3,NORMAL
2024-01-19,Ben_Msick,ancien,33.565,-7.585,19.8,5.33,3.56,1.77,455.3,90.1,365.2,4.55,19.8,FUITE
2024-01-19,Bourgogne,mixte,33.588,-7.628,10.8,4.27,3.96,0.31,264.2,18.0,246.2,1.66,6.8,NORMAL
2024-01-19,Bouskoura,recent,33.51,-7.66,6.8,4.41,4.01,0.39,144.9,7.3,137.6,1.08,5.1,NORMAL
2024-01-19,Derb_Sultan,ancien,33.575,-7.61,16.2,4.85,4.57,0.28,323.0,8.7,314.3,0.54,2.7,NORMAL
2024-01-19,Gauthier,mixte,33.592,-7.62,9.5,4.19,3.84,0.35,216.3,15.6,200.7,1.64,7.2,NORMAL
2024-01-19,Hay_Hassani,recent,33.555,-7.65,8.5,5.12,4.84,0.29,159.2,11.4,147.8,1.34,7.2,NORMAL
2024-01-19,Hay_Mohammadi,ancien,33.583,-7.57,22.0,5.91,5.45,0.46,461.3,9.7,451.6,0.44,2.1,NORMAL
2024-01-19,Lissasfa,recent,33.535,-7.67,7.2,5.81,5.46,0.35,162.9,4.3,158.6,0.6,2.7,NORMAL
2024-01-19,Maarif,mixte,33.578,-7.635,12.4,4.7,4.34,0.36,285.5,10.3,275.2,0.83,3.6,NORMAL
2024-01-19,Medina,ancien,33.595,-7.619,18.5,5.43,4.17,1.26,427.7,67.2,360.5,3.63,15.7,SUSPECT
2024-01-19,Racine,mixte,33.585,-7.642,11.2,5.98,5.87,0.11,229.1,14.5,214.6,1.3,6.3,NORMAL
2024-01-19,Roches_Noires,ancien,33.61,-7.555,14.7,5.21,5.06,0.15,326.0,18.6,307.4,1.27,5.7,NORMAL
2024-01-19,Sbata,ancien,33.57,-7.595,17.1,5.39,5.22,0.17,369.7,15.4,354.3,0.9,4.2,NORMAL
2024-01-19,Sidi_Bernoussi,recent,33.62,-7.51,15.3,5.2,5.02,0.18,340.6,22.3,318.3,1.46,6.6,NORMAL
2024-01-19,Sidi_Maarouf,recent,33.545,-7.62,9.0,4.14,4.06,0.09,191.3,14.6,176.7,1.63,7.7,NORMAL
2024-01-19,Val_Fleuri,mixte,33.572,-7.628,13.0,5.47,5.07,0.4,247.5,11.1,236.3,0.86,4.5,NORMAL
2024-01-20,Ain_Diab,recent,33.595,-7.69,11.5,5.91,5.64,0.28,254.8,12.1,242.7,1.05,4.7,NORMAL
2024-01-20,Ain_Sebaa,ancien,33.605,-7.53,20.3,5.72,5.47,0.24,419.4,27.4,392.0,1.35,6.5,NORMAL
2024-01-20,Anfa,recent,33.59,-7.66,10.2,4.15,3.82,0.33,274.6,8.6,266.0,0.85,3.1,NORMAL
2024-01-20,Beauséjour,mixte,33.58,-7.618,10.1,5.23,5.1,0.13,220.0,14.7,205.3,1.46,6.7,NORMAL
2024-01-20,Ben_Msick,ancien,33.565,-7.585,19.8,4.17,3.67,0.5,400.3,22.3,378.0,1.13,5.6,NORMAL
2024-01-20,Bourgogne,mixte,33.588,-7.628,10.8,4.33,4.24,0.1,260.2,16.2,244.0,1.5,6.2,NORMAL
2024-01-20,Bouskoura,recent,33.51,-7.66,6.8,5.15,4.72,0.44,171.6,7.6,164.0,1.12,4.4,NORMAL
2024-01-20,Derb_Sultan,ancien,33.575,-7.61,16.2,4.58,4.27,0.31,313.7,15.3,298.4,0.95,4.9,NORMAL
2024-01-20,Gauthier,mixte,33.592,-7.62,9.5,5.39,4.96,0.43,249.3,15.2,234.1,1.6,6.1,NORMAL
2024-01-20,Hay_Hassani,recent,33.555,-7.65,8.5,4.14,3.77,0.37,182.4,4.5,177.8,0.53,2.5,NORMAL
2024-01-20,Hay_Mohammadi,ancien,33.583,-7.57,22.0,4.86,4.37,0.48,546.8,38.9,507.8,1.77,7.1,NORMAL
2024-01-20,Lissasfa,recent,33.535,-7.67,7.2,4.92,4.48,0.44,162.2,6.9,155.3,0.96,4.3,NORMAL
2024-01-20,Maarif,mixte,33.578,-7.635,12.4,5.59,5.25,0.35,309.4,22.3,287.2,1.8,7.2,NORMAL
2024-01-20,Medina,ancien,33.595,-7.619,18.5,5.05,4.8,0.24,360.2,9.5,350.7,0.52,2.6,NORMAL
2024-01-20,Racine,mixte,33.585,-7.642,11.2,4.55,4.46,0.09,227.7,16.8,210.9,1.5,7.4,NORMAL
2024-01-20,Roches_Noires,ancien,33.61,-7.555,14.7,4.23,3.87,0.35,311.9,20.7,291.2,1.41,6.6,NORMAL
2024-01-20,Sbata,ancien,33.57,-7.595,17.1,5.83,5.2,0.64,408.6,50.9,357.7,2.98,12.5,SUSPECT
2024-01-20,Sidi_Bernoussi,recent,33.62,-7.51,15.3,5.03,4.75,0.28,307.5,23.4,284.1,1.53,7.6,NORMAL
2024-01-20,Sidi_Maarouf,recent,33.545,-7.62,9.0,5.36,5.14,0.21,205.6,4.2,201.4,0.47,2.1,NORMAL
2024-01-20,Val_Fleuri,mixte,33.572,-7.628,13.0,4.04,3.87,0.17,312.6,8.8,303.8,0.68,2.8,NORMAL
2024-01-21,Ain_Diab,recent,33.595,-7.69,11.5,4.74,4.52,0.22,225.1,14.9,210.2,1.29,6.6,NORMAL
2024-01-21,Ain_Sebaa,ancien,33.605,-7.53,20.3,5.81,4.8,1.01,428.2,48.0,380.2,2.36,11.2,SUSPECT
2024-01-21,Anfa,recent,33.59,-7.66,10.2,5.82,5.34,0.47,273.1,14.0,259.1,1.37,5.1,NORMAL
2024-01-21,Beauséjour,mixte,33.58,-7.618,10.1,4.01,3.62,0.39,197.9,12.8,185.1,1.27,6.5,NORMAL
2024-01-21,Ben_Msick,ancien,33.565,-7.585,19.8,5.5,3.69,1.81,447.8,91.6,356.1,4.63,20.5,FUITE
2024-01-21,Bourgogne,mixte,33.588,-7.628,10.8,5.87,4.29,1.58,253.1,67.1,186.0,6.21,26.5,FUITE
2024-01-21,Bouskoura,recent,33.51,-7.66,6.8,5.53,5.22,0.31,170.5,5.5,165.1,0.8,3.2,NORMAL
2024-01-21,Derb_Sultan,ancien,33.575,-7.61,16.2,4.1,3.9,0.2,311.6,7.4,304.2,0.46,2.4,NORMAL
2024-01-21,Gauthier,mixte,33.592,-7.62,9.5,5.24,4.79,0.44,224.7,4.9,219.8,0.52,2.2,NORMAL
2024-01-21,Hay_Hassani,recent,33.555,-7.65,8.5,4.97,4.84,0.12,204.1,14.5,189.6,1.7,7.1,NORMAL
2024-01-21,Hay_Mohammadi,ancien,33.583,-7.57,22.0,4.77,4.34,0.43,453.6,13.7,440.0,0.62,3.0,NORMAL
2024-01-21,Lissasfa,recent,33.535,-7.67,7.2,4.22,3.98,0.24,138.0,8.9,129.1,1.23,6.4,NORMAL
2024-01-21,Maarif,mixte,33.578,-7.635,12.4,5.67,5.31,0.36,295.1,16.9,278.3,1.36,5.7,NORMAL
2024-01-21,Medina,ancien,33.595,-7.619,18.5,5.27,3.3,1.97,421.1,121.7,299.4,6.58,28.9,FUITE
2024-01-21,Racine,mixte,33.585,-7.642,11.2,4.65,4.49,0.15,248.7,6.0,242.7,0.54,2.4,NORMAL
2024-01-21,Roches_Noires,ancien,33.61,-7.555,14.7,5.7,5.41,0.3,315.7,22.9,292.8,1.56,7.3,NORMAL
2024-01-21,Sbata,ancien,33.57,-7.595,17.1,5.08,4.64,0.44,385.1,26.3,358.7,1.54,6.8,NORMAL
2024-01-21,Sidi_Bernoussi,recent,33.62,-7.51,15.3,5.39,5.02,0.37,316.3,23.8,292.5,1.56,7.5,NORMAL
2024-01-21,Sidi_Maarouf,recent,33.545,-7.62,9.0,5.83,5.5,0.33,222.4,14.1,208.3,1.57,6.3,NORMAL
2024-01-21,Val_Fleuri,mixte,33.572,-7.628,13.0,4.43,4.37,0.06,267.5,21.0,246.5,1.62,7.9,NORMAL
2024-01-22,Ain_Diab,recent,33.595,-7.69,11.5,5.64,5.21,0.43,237.5,14.1,223.4,1.23,5.9,NORMAL
2024-01-22,Ain_Sebaa,ancien,33.605,-7.53,20.3,4.78,4.72,0.05,437.4,11.1,426.3,0.55,2.5,NORMAL
2024-01-22,Anfa,recent,33.59,-7.66,10.2,5.51,5.39,0.12,238.3,15.0,223.3,1.47,6.3,NORMAL
2024-01-22,Beauséjour,mixte,33.58,-7.618,10.1,5.92,5.7,0.22,218.1,6.3,211.7,0.62,2.9,NORMAL
2024-01-22,Ben_Msick,ancien,33.565,-7.585,19.8,4.07,3.1,0.97,407.8,35.3,372.5,1.78,8.7,SUSPECT
2024-01-22,Bourgogne,mixte,33.588,-7.628,10.8,5.43,5.02,0.41,238.0,16.4,221.6,1.52,6.9,NORMAL
2024-01-22,Bouskoura,recent,33.51,-7.66,6.8,5.71,5.46,0.25,165.6,12.2,153.4,1.79,7.4,NORMAL
2024-01-22,Derb_Sultan,ancien,33.575,-7.61,16.2,4.64,4.23,0.41,324.2,19.7,304.5,1.22,6.1,NORMAL
2024-01-22,Gauthier,mixte,33.592,-7.62,9.5,5.38,5.02,0.35,201.2,12.0,189.3,1.26,6.0,NORMAL
2024-01-22,Hay_Hassani,recent,33.555,-7.65,8.5,4.92,4.69,0.24,188.2,9.9,178.2,1.17,5.3,NORMAL
2024-01-22,Hay_Mohammadi,ancien,33.583,-7.57,22.0,5.87,5.51,0.36,490.1,12.7,477.4,0.58,2.6,NORMAL
2024-01-22,Lissasfa,recent,33.535,-7.67,7.2,4.56,4.12,0.44,150.0,11.2,138.8,1.56,7.5,NORMAL
2024-01-22,Maarif,mixte,33.578,-7.635,12.4,4.32,3.87,0.45,311.2,6.8,304.5,0.55,2.2,NORMAL
2024-01-22,Medina,ancien,33.595,-7.619,18.5,4.82,4.43,0.39,385.8,9.5,376.3,0.51,2.5,NORMAL
2024-01-22,Racine,mixte,33.585,-7.642,11.2,4.14,3.73,0.41,239.2,12.5,226.7,1.12,5.2,NORMAL
2024-01-22,Roches_Noires,ancien,33.61,-7.555,14.7,4.27,4.21,0.06,333.7,19.1,314.6,1.3,5.7,NORMAL
2024-01-22,Sbata,ancien,33.57,-7.595,17.1,5.38,4.95,0.43,333.0,16.4,316.5,0.96,4.9,NORMAL
2024-01-22,Sidi_Bernoussi,recent,33.62,-7.51,15.3,5.46,5.02,0.44,298.3,20.4,277.9,1.33,6.8,NORMAL
2024-01-22,Sidi_Maarouf,recent,33.545,-7.62,9.0,5.8,5.73,0.08,202.0,5.8,196.3,0.64,2.9,NORMAL
2024-01-22,Val_Fleuri,mixte,33.572,-7.628,13.0,5.92,5.65,0.27,256.0,13.5,242.5,1.04,5.3,NORMAL
2024-01-23,Ain_Diab,recent,33.595,-7.69,11.5,5.76,5.61,0.15,273.9,15.5,258.4,1.34,5.6,NORMAL
2024-01-23,Ain_Sebaa,ancien,33.605,-7.53,20.3,5.9,5.42,0.48,398.6,23.1,375.5,1.14,5.8,NORMAL
2024-01-23,Anfa,recent,33.59,-7.66,10.2,5.28,4.93,0.35,215.7,11.6,204.1,1.14,5.4,NORMAL
2024-01-23,Beauséjour,mixte,33.58,-7.618,10.1,5.75,5.25,0.5,220.9,10.4,210.5,1.03,4.7,NORMAL
2024-01-23,Ben_Msick,ancien,33.565,-7.585,19.8,4.91,4.62,0.29,392.9,17.3,375.6,0.87,4.4,NORMAL
2024-01-23,Bourgogne,mixte,33.588,-7.628,10.8,5.79,4.74,1.05,273.8,34.3,239.5,3.17,12.5,SUSPECT
2024-01-23,Bouskoura,recent,33.51,-7.66,6.8,5.77,5.52,0.25,150.5,8.7,141.8,1.27,5.8,NORMAL
2024-01-23,Derb_Sultan,ancien,33.575,-7.61,16.2,5.19,4.93,0.26,340.7,13.9,326.8,0.86,4.1,NORMAL
2024-01-23,Gauthier,mixte,33.592,-7.62,9.5,5.3,5.2,0.1,230.4,18.4,212.0,1.94,8.0,NORMAL
2024-01-23,Hay_Hassani,recent,33.555,-7.65,8.5,5.03,4.61,0.41,177.8,4.1,173.7,0.48,2.3,NORMAL
2024-01-23,Hay_Mohammadi,ancien,33.583,-7.57,22.0,5.98,5.87,0.11,482.6,35.1,447.6,1.59,7.3,NORMAL
2024-01-23,Lissasfa,recent,33.535,-7.67,7.2,5.61,5.55,0.06,182.2,11.6,170.6,1.61,6.4,NORMAL
2024-01-23,Maarif,mixte,33.578,-7.635,12.4,4.26,4.06,0.2,300.5,8.9,291.5,0.72,3.0,NORMAL
2024-01-23,Medina,ancien,33.595,-7.619,18.5,4.32,3.85,0.47,458.8,26.6,432.2,1.44,5.8,NORMAL
2024-01-23,Racine,mixte,33.585,-7.642,11.2,5.3,5.01,0.29,246.3,9.8,236.5,0.88,4.0,NORMAL
2024-01-23,Roches_Noires,ancien,33.61,-7.555,14.7,4.43,4.31,0.11,264.9,10.9,254.0,0.74,4.1,NORMAL
2024-01-23,Sbata,ancien,33.57,-7.595,17.1,5.98,5.5,0.47,310.3,19.3,290.9,1.13,6.2,NORMAL
2024-01-23,Sidi_Bernoussi,recent,33.62,-7.51,15.3,4.69,4.49,0.2,365.9,26.1,339.8,1.71,7.1,NORMAL
2024-01-23,Sidi_Maarouf,recent,33.545,-7.62,9.0,4.84,2.9,1.94,199.2,49.6,149.5,5.52,24.9,FUITE
2024-01-23,Val_Fleuri,mixte,33.572,-7.628,13.0,5.69,5.59,0.09,289.0,8.4,280.6,0.64,2.9,NORMAL
2024-01-24,Ain_Diab,recent,33.595,-7.69,11.5,4.27,3.93,0.34,278.6,10.8,267.8,0.94,3.9,NORMAL
2024-01-24,Ain_Sebaa,ancien,33.605,-7.53,20.3,4.59,4.39,0.2,410.2,26.7,383.5,1.32,6.5,NORMAL
2024-01-24,Anfa,recent,33.59,-7.66,10.2,5.0,4.94,0.06,204.7,8.5,196.2,0.83,4.1,NORMAL
2024-01-24,Beauséjour,mixte,33.58,-7.618,10.1,5.77,5.46,0.32,222.5,10.0,212.6,0.99,4.5,NORMAL
2024-01-24,Ben_Msick,ancien,33.565,-7.585,19.8,4.31,4.18,0.13,443.4,34.0,409.4,1.72,7.7,NORMAL
2024-01-24,Bourgogne,mixte,33.588,-7.628,10.8,5.05,4.67,0.38,218.6,5.2,213.5,0.48,2.4,NORMAL
2024-01-24,Bouskoura,recent,33.51,-7.66,6.8,4.04,3.77,0.26,158.4,10.0,148.4,1.48,6.3,NORMAL
2024-01-24,Derb_Sultan,ancien,33.575,-7.61,16.2,5.66,5.18,0.48,310.6,19.8,290.7,1.22,6.4,NORMAL
2024-01-24,Gauthier,mixte,33.592,-7.62,9.5,5.95,5.05,0.91,244.5,38.7,205.8,4.07,15.8,SUSPECT
2024-01-24,Hay_Hassani,recent,33.555,-7.65,8.5,4.4,4.24,0.17,161.9,6.4,155.4,0.76,4.0,NORMAL
2024-01-24,Hay_Mohammadi,ancien,33.583,-7.57,22.0,5.39,5.03,0.37,459.8,17.3,442.5,0.79,3.8,NORMAL
2024-01-24,Lissasfa,recent,33.535,-7.67,7.2,5.66,5.48,0.18,177.9,4.8,173.1,0.66,2.7,NORMAL
2024-01-24,Maarif,mixte,33.578,-7.635,12.4,5.66,5.39,0.28,238.5,8.9,229.7,0.72,3.7,NORMAL
2024-01-24,Medina,ancien,33.595,-7.619,18.5,5.61,5.47,0.13,469.5,24.6,444.9,1.33,5.2,NORMAL
2024-01-24,Racine,mixte,33.585,-7.642,11.2,5.99,5.64,0.35,264.5,16.9,247.6,1.51,6.4,NORMAL
2024-01-24,Roches_Noires,ancien,33.61,-7.555,14.7,4.78,4.54,0.25,347.6,14.2,333.4,0.97,4.1,NORMAL
2024-01-24,Sbata,ancien,33.57,-7.595,17.1,4.36,4.06,0.31,404.9,8.9,396.0,0.52,2.2,NORMAL
2024-01-24,Sidi_Bernoussi,recent,33.62,-7.51,15.3,5.45,5.15,0.3,362.9,18.1,344.9,1.18,5.0,NORMAL
2024-01-24,Sidi_Maarouf,recent,33.545,-7.62,9.0,4.25,3.19,1.06,190.6,29.1,161.4,3.24,15.3,SUSPECT
2024-01-24,Val_Fleuri,mixte,33.572,-7.628,13.0,5.47,5.21,0.26,279.2,12.2,267.0,0.94,4.4,NORMAL
2024-01-25,Ain_Diab,recent,33.595,-7.69,11.5,4.79,4.42,0.37,236.5,17.4,219.2,1.51,7.3,NORMAL
2024-01-25,Ain_Sebaa,ancien,33.605,-7.53,20.3,5.58,5.49,0.09,389.3,9.1,380.2,0.45,2.3,NORMAL
2024-01-25,Anfa,recent,33.59,-7.66,10.2,4.46,4.12,0.34,220.0,8.6,211.3,0.85,3.9,NORMAL
2024-01-25,Beauséjour,mixte,33.58,-7.618,10.1,4.01,3.68,0.33,220.0,14.9,205.1,1.47,6.8,NORMAL
2024-01-25,Ben_Msick,ancien,33.565,-7.585,19.8,4.54,4.2,0.34,389.0,8.4,380.7,0.42,2.2,NORMAL
2024-01-25,Bourgogne,mixte,33.588,-7.628,10.8,4.32,3.88,0.44,228.9,18.0,211.0,1.67,7.9,NORMAL
2024-01-25,Bouskoura,recent,33.51,-7.66,6.8,4.27,4.08,0.18,143.6,9.8,133.8,1.44,6.8,NORMAL
2024-01-25,Derb_Sultan,ancien,33.575,-7.61,16.2,4.36,4.28,0.08,375.3,20.4,354.9,1.26,5.4,NORMAL
2024-01-25,Gauthier,mixte,33.592,-7.62,9.5,5.48,5.03,0.45,213.7,8.5,205.2,0.89,4.0,NORMAL
2024-01-25,Hay_Hassani,recent,33.555,-7.65,8.5,5.04,4.9,0.14,200.4,14.6,185.8,1.72,7.3,NORMAL
2024-01-25,Hay_Mohammadi,ancien,33.583,-7.57,22.0,5.62,5.18,0.44,539.5,27.3,512.2,1.24,5.1,NORMAL
2024-01-25,Lissasfa,recent,33.535,-7.67,7.2,5.08,4.99,0.09,147.6,3.1,144.5,0.43,2.1,NORMAL
2024-01-25,Maarif,mixte,33.578,-7.635,12.4,5.96,5.63,0.33,259.8,15.1,244.7,1.22,5.8,NORMAL
2024-01-25,Medina,ancien,33.595,-7.619,18.5,5.79,5.6,0.19,370.9,12.5,358.4,0.68,3.4,NORMAL
2024-01-25,Racine,mixte,33.585,-7.642,11.2,4.12,3.82,0.3,295.7,9.0,286.7,0.81,3.1,NORMAL
2024-01-25,Roches_Noires,ancien,33.61,-7.555,14.7,5.57,5.34,0.23,321.4,23.1,298.3,1.57,7.2,NORMAL
2024-01-25,Sbata,ancien,33.57,-7.595,17.1,4.59,4.13,0.47,410.9,31.5,379.4,1.84,7.7,NORMAL
2024-01-25,Sidi_Bernoussi,recent,33.62,-7.51,15.3,4.33,3.92,0.4,342.5,14.7,327.8,0.96,4.3,NORMAL
2024-01-25,Sidi_Maarouf,recent,33.545,-7.62,9.0,5.69,5.33,0.36,195.8,11.8,184.0,1.31,6.0,NORMAL
2024-01-25,Val_Fleuri,mixte,33.572,-7.628,13.0,5.57,5.12,0.45,329.6,22.2,307.5,1.7,6.7,NORMAL
2024-01-26,Ain_Diab,recent,33.595,-7.69,11.5,4.74,4.66,0.08,229.7,11.7,218.0,1.02,5.1,NORMAL
2024-01-26,Ain_Sebaa,ancien,33.605,-7.53,20.3,4.88,4.43,0.45,372.6,10.1,362.5,0.5,2.7,NORMAL
2024-01-26,Anfa,recent,33.59,-7.66,10.2,5.46,5.36,0.09,234.9,5.1,229.8,0.5,2.2,NORMAL
2024-01-26,Beauséjour,mixte,33.58,-7.618,10.1,5.18,4.2,0.98,239.8,20.7,219.1,2.05,8.6,SUSPECT
2024-01-26,Ben_Msick,ancien,33.565,-7.585,19.8,5.43,4.27,1.16,343.3,35.1,308.2,1.77,10.2,SUSPECT
2024-01-26,Bourgogne,mixte,33.588,-7.628,10.8,4.36,3.96,0.41,261.9,13.1,248.8,1.21,5.0,NORMAL
2024-01-26,Bouskoura,recent,33.51,-7.66,6.8,4.42,3.94,0.48,127.9,10.2,117.7,1.5,8.0,NORMAL
2024-01-26,Derb_Sultan,ancien,33.575,-7.61,16.2,4.28,3.87,0.41,318.7,9.5,309.2,0.59,3.0,NORMAL
2024-01-26,Gauthier,mixte,33.592,-7.62,9.5,5.62,5.22,0.39,239.7,11.1,228.6,1.16,4.6,NORMAL
2024-01-26,Hay_Hassani,recent,33.555,-7.65,8.5,4.48,4.22,0.25,206.2,13.7,192.5,1.61,6.6,NORMAL
2024-01-26,Hay_Mohammadi,ancien,33.583,-7.57,22.0,5.6,5.25,0.34,509.1,34.5,474.6,1.57,6.8,NORMAL
2024-01-26,Lissasfa,recent,33.535,-7.67,7.2,4.6,4.28,0.32,150.3,5.7,144.6,0.79,3.8,NORMAL
2024-01-26,Maarif,mixte,33.578,-7.635,12.4,5.56,5.46,0.1,301.9,15.8,286.1,1.28,5.2,NORMAL
2024-01-26,Medina,ancien,33.595,-7.619,18.5,5.64,5.2,0.44,357.9,18.1,339.8,0.98,5.1,NORMAL
2024-01-26,Racine,mixte,33.585,-7.642,11.2,4.4,4.11,0.29,228.5,10.7,217.8,0.96,4.7,NORMAL
2024-01-26,Roches_Noires,ancien,33.61,-7.555,14.7,4.29,3.83,0.47,309.3,11.0,298.3,0.75,3.5,NORMAL
2024-01-26,Sbata,ancien,33.57,-7.595,17.1,5.72,5.29,0.43,340.5,23.7,316.7,1.39,7.0,NORMAL
2024-01-26,Sidi_Bernoussi,recent,33.62,-7.51,15.3,5.68,4.16,1.52,339.6,100.7,238.9,6.58,29.6,FUITE
2024-01-26,Sidi_Maarouf,recent,33.545,-7.62,9.0,4.61,4.21,0.41,196.8,13.4,183.4,1.48,6.8,NORMAL
2024-01-26,Val_Fleuri,mixte,33.572,-7.628,13.0,5.38,5.13,0.25,268.7,18.9,249.7,1.46,7.0,NORMAL
2024-01-27,Ain_Diab,recent,33.595,-7.69,11.5,5.67,5.61,0.06,250.6,10.1,240.5,0.88,4.0,NORMAL
2024-01-27,Ain_Sebaa,ancien,33.605,-7.53,20.3,5.52,4.4,1.12,343.3,30.4,313.0,1.5,8.8,SUSPECT
2024-01-27,Anfa,recent,33.59,-7.66,10.2,5.32,5.22,0.1,224.8,9.9,214.9,0.97,4.4,NORMAL
2024-01-27,Beauséjour,mixte,33.58,-7.618,10.1,5.12,4.82,0.3,237.1,14.4,222.8,1.42,6.1,NORMAL
2024-01-27,Ben_Msick,ancien,33.565,-7.585,19.8,5.34,5.28,0.06,352.5,24.0,328.5,1.21,6.8,NORMAL
2024-01-27,Bourgogne,mixte,33.588,-7.628,10.8,5.44,5.29,0.15,287.2,22.5,264.7,2.09,7.8,NORMAL
2024-01-27,Bouskoura,recent,33.51,-7.66,6.8,5.66,5.47,0.18,128.1,8.2,119.9,1.21,6.4,NORMAL
2024-01-27,Derb_Sultan,ancien,33.575,-7.61,16.2,5.63,4.46,1.17,352.4,40.8,311.6,2.52,11.6,SUSPECT
2024-01-27,Gauthier,mixte,33.592,-7.62,9.5,4.24,3.95,0.3,187.4,7.4,180.0,0.78,3.9,NORMAL
2024-01-27,Hay_Hassani,recent,33.555,-7.65,8.5,4.13,3.17,0.96,202.1,27.1,175.0,3.18,13.4,SUSPECT
2024-01-27,Hay_Mohammadi,ancien,33.583,-7.57,22.0,4.68,4.46,0.22,421.5,23.1,398.5,1.05,5.5,NORMAL
2024-01-27,Lissasfa,recent,33.535,-7.67,7.2,4.1,3.64,0.46,176.9,10.6,166.3,1.48,6.0,NORMAL
2024-01-27,Maarif,mixte,33.578,-7.635,12.4,4.68,4.35,0.33,316.3,8.3,308.0,0.67,2.6,NORMAL
2024-01-27,Medina,ancien,33.595,-7.619,18.5,4.44,4.34,0.1,399.5,30.6,368.9,1.65,7.7,NORMAL
2024-01-27,Racine,mixte,33.585,-7.642,11.2,4.7,4.35,0.35,283.0,21.4,261.6,1.91,7.6,NORMAL
2024-01-27,Roches_Noires,ancien,33.61,-7.555,14.7,5.96,5.69,0.27,294.1,17.1,277.0,1.16,5.8,NORMAL
2024-01-27,Sbata,ancien,33.57,-7.595,17.1,5.19,3.35,1.85,319.0,60.4,258.7,3.53,18.9,FUITE
2024-01-27,Sidi_Bernoussi,recent,33.62,-7.51,15.3,4.47,4.1,0.37,350.4,18.5,331.9,1.21,5.3,NORMAL
2024-01-27,Sidi_Maarouf,recent,33.545,-7.62,9.0,5.72,5.25,0.46,195.9,7.7,188.2,0.85,3.9,NORMAL
2024-01-27,Val_Fleuri,mixte,33.572,-7.628,13.0,5.8,3.61,2.19,301.9,78.2,223.7,6.02,25.9,FUITE
2024-01-28,Ain_Diab,recent,33.595,-7.69,11.5,4.25,2.13,2.12,259.4,59.3,200.2,5.16,22.9,FUITE
2024-01-28,Ain_Sebaa,ancien,33.605,-7.53,20.3,4.15,3.73,0.42,414.1,10.3,403.8,0.51,2.5,NORMAL
2024-01-28,Anfa,recent,33.59,-7.66,10.2,5.99,5.92,0.07,258.8,10.9,247.8,1.07,4.2,NORMAL
2024-01-28,Beauséjour,mixte,33.58,-7.618,10.1,4.54,4.12,0.42,229.9,5.7,224.2,0.56,2.5,NORMAL
2024-01-28,Ben_Msick,ancien,33.565,-7.585,19.8,5.31,4.57,0.74,351.9,36.7,315.2,1.85,10.4,SUSPECT
2024-01-28,Bourgogne,mixte,33.588,-7.628,10.8,4.4,4.04,0.36,217.9,4.8,213.2,0.44,2.2,NORMAL
2024-01-28,Bouskoura,recent,33.51,-7.66,6.8,5.48,5.37,0.11,161.4,10.7,150.7,1.57,6.6,NORMAL
2024-01-28,Derb_Sultan,ancien,33.575,-7.61,16.2,4.78,4.37,0.42,343.6,14.6,329.0,0.9,4.3,NORMAL
2024-01-28,Gauthier,mixte,33.592,-7.62,9.5,4.79,4.43,0.36,212.6,10.0,202.7,1.05,4.7,NORMAL
2024-01-28,Hay_Hassani,recent,33.555,-7.65,8.5,4.21,3.87,0.35,197.4,8.5,188.9,0.99,4.3,NORMAL
2024-01-28,Hay_Mohammadi,ancien,33.583,-7.57,22.0,4.93,2.62,2.31,449.3,112.7,336.5,5.12,25.1,FUITE
2024-01-28,Lissasfa,recent,33.535,-7.67,7.2,5.78,5.65,0.13,139.8,4.8,135.0,0.67,3.4,NORMAL
2024-01-28,Maarif,mixte,33.578,-7.635,12.4,5.38,5.3,0.08,263.3,16.5,246.8,1.33,6.2,NORMAL
2024-01-28,Medina,ancien,33.595,-7.619,18.5,5.04,4.67,0.37,402.8,31.5,371.3,1.71,7.8,NORMAL
2024-01-28,Racine,mixte,33.585,-7.642,11.2,4.8,4.68,0.12,298.4,22.6,275.8,2.01,7.6,NORMAL
2024-01-28,Roches_Noires,ancien,33.61,-7.555,14.7,4.15,4.04,0.11,275.4,8.0,267.4,0.55,2.9,NORMAL
2024-01-28,Sbata,ancien,33.57,-7.595,17.1,4.68,4.3,0.38,313.1,12.2,300.9,0.71,3.9,NORMAL
2024-01-28,Sidi_Bernoussi,recent,33.62,-7.51,15.3,4.1,3.83,0.28,341.0,24.5,316.5,1.6,7.2,NORMAL
2024-01-28,Sidi_Maarouf,recent,33.545,-7.62,9.0,4.74,4.42,0.32,212.3,13.0,199.3,1.45,6.1,NORMAL
2024-01-28,Val_Fleuri,mixte,33.572,-7.628,13.0,5.27,4.95,0.33,252.3,12.9,239.4,0.99,5.1,NORMAL
2024-01-29,Ain_Diab,recent,33.595,-7.69,11.5,5.19,5.14,0.05,257.2,20.0,237.2,1.74,7.8,NORMAL
2024-01-29,Ain_Sebaa,ancien,33.605,-7.53,20.3,5.97,3.91,2.06,374.9,104.0,270.8,5.13,27.8,FUITE
2024-01-29,Anfa,recent,33.59,-7.66,10.2,5.51,5.05,0.46,272.5,14.9,257.6,1.46,5.5,NORMAL
2024-01-29,Beauséjour,mixte,33.58,-7.618,10.1,4.67,3.38,1.28,244.3,38.8,205.5,3.84,15.9,SUSPECT
2024-01-29,Ben_Msick,ancien,33.565,-7.585,19.8,5.71,5.29,0.42,387.7,23.3,364.4,1.18,6.0,NORMAL
2024-01-29,Bourgogne,mixte,33.588,-7.628,10.8,4.93,4.48,0.44,267.0,17.2,249.8,1.6,6.5,NORMAL
2024-01-29,Bouskoura,recent,33.51,-7.66,6.8,5.53,5.1,0.43,155.1,3.9,151.2,0.58,2.5,NORMAL
2024-01-29,Derb_Sultan,ancien,33.575,-7.61,16.2,4.6,4.22,0.39,350.3,11.9,338.4,0.73,3.4,NORMAL
2024-01-29,Gauthier,mixte,33.592,-7.62,9.5,4.75,4.59,0.15,191.8,10.8,181.0,1.13,5.6,NORMAL
2024-01-29,Hay_Hassani,recent,33.555,-7.65,8.5,5.93,5.79,0.14,181.3,6.7,174.5,0.79,3.7,NORMAL
2024-01-29,Hay_Mohammadi,ancien,33.583,-7.57,22.0,4.07,1.5,2.73,459.9,89.8,370.1,4.08,19.5,FUITE
2024-01-29,Lissasfa,recent,33.535,-7.67,7.2,4.07,3.76,0.31,183.8,13.1,170.7,1.82,7.1,NORMAL
2024-01-29,Maarif,mixte,33.578,-7.635,12.4,5.16,4.32,0.85,290.2,24.5,265.6,1.98,8.5,SUSPECT
2024-01-29,Medina,ancien,33.595,-7.619,18.5,4.5,4.23,0.27,394.9,14.6,380.3,0.79,3.7,NORMAL
2024-01-29,Racine,mixte,33.585,-7.642,11.2,5.68,5.4,0.28,269.6,6.8,262.8,0.61,2.5,NORMAL
2024-01-29,Roches_Noires,ancien,33.61,-7.555,14.7,5.28,4.6,0.68,295.6,50.2,245.5,3.41,17.0,SUSPECT
2024-01-29,Sbata,ancien,33.57,-7.595,17.1,5.58,5.39,0.19,373.6,27.3,346.3,1.6,7.3,NORMAL
2024-01-29,Sidi_Bernoussi,recent,33.62,-7.51,15.3,5.6,5.3,0.3,310.1,8.7,301.4,0.57,2.8,NORMAL
2024-01-29,Sidi_Maarouf,recent,33.545,-7.62,9.0,4.33,4.09,0.24,178.6,13.1,165.4,1.46,7.3,NORMAL
2024-01-29,Val_Fleuri,mixte,33.572,-7.628,13.0,5.47,5.19,0.28,305.7,6.9,298.8,0.53,2.3,NORMAL
2024-01-30,Ain_Diab,recent,33.595,-7.69,11.5,5.36,5.16,0.19,281.4,18.7,262.7,1.62,6.6,NORMAL
2024-01-30,Ain_Sebaa,ancien,33.605,-7.53,20.3,5.97,5.58,0.39,375.5,9.4,366.1,0.46,2.5,NORMAL
2024-01-30,Anfa,recent,33.59,-7.66,10.2,5.58,5.41,0.16,244.6,10.2,234.5,1.0,4.2,NORMAL
2024-01-30,Beauséjour,mixte,33.58,-7.618,10.1,4.88,4.76,0.12,218.1,10.0,208.1,0.99,4.6,NORMAL
2024-01-30,Ben_Msick,ancien,33.565,-7.585,19.8,4.59,3.19,1.4,341.6,30.2,311.3,1.53,8.9,SUSPECT
2024-01-30,Bourgogne,mixte,33.588,-7.628,10.8,4.69,4.47,0.22,286.6,6.4,280.2,0.59,2.2,NORMAL
2024-01-30,Bouskoura,recent,33.51,-7.66,6.8,4.16,3.92,0.23,145.8,3.5,142.3,0.51,2.4,NORMAL
2024-01-30,Derb_Sultan,ancien,33.575,-7.61,16.2,4.77,4.47,0.29,392.7,22.6,370.1,1.39,5.7,NORMAL
2024-01-30,Gauthier,mixte,33.592,-7.62,9.5,5.24,4.98,0.26,212.1,15.2,196.8,1.6,7.2,NORMAL
2024-01-30,Hay_Hassani,recent,33.555,-7.65,8.5,5.16,4.82,0.34,196.1,8.6,187.5,1.01,4.4,NORMAL
2024-01-30,Hay_Mohammadi,ancien,33.583,-7.57,22.0,5.54,5.39,0.15,497.7,12.5,485.2,0.57,2.5,NORMAL
2024-01-30,Lissasfa,recent,33.535,-7.67,7.2,4.13,3.7,0.42,164.8,4.4,160.3,0.62,2.7,NORMAL
2024-01-30,Maarif,mixte,33.578,-7.635,12.4,5.95,5.46,0.49,301.0,8.4,292.6,0.67,2.8,NORMAL
2024-01-30,Medina,ancien,33.595,-7.619,18.5,5.22,2.97,2.25,363.5,77.6,285.9,4.19,21.3,FUITE
2024-01-30,Racine,mixte,33.585,-7.642,11.2,4.26,3.83,0.42,282.0,17.6,264.4,1.57,6.3,NORMAL
2024-01-30,Roches_Noires,ancien,33.61,-7.555,14.7,5.34,5.21,0.13,281.4,6.3,275.1,0.43,2.2,NORMAL
2024-01-30,Sbata,ancien,33.57,-7.595,17.1,4.47,4.4,0.06,400.0,8.5,391.5,0.5,2.1,NORMAL
2024-01-30,Sidi_Bernoussi,recent,33.62,-7.51,15.3,4.31,4.13,0.19,299.8,21.7,278.2,1.42,7.2,NORMAL
2024-01-30,Sidi_Maarouf,recent,33.545,-7.62,9.0,4.31,4.25,0.06,208.7,12.2,196.6,1.35,5.8,NORMAL
2024-01-30,Val_Fleuri,mixte,33.572,-7.628,13.0,5.43,4.86,0.57,252.7,20.5,232.2,1.58,8.1,SUSPECT
